[{"model": "meteors.meteor", "pk": 1, "fields": {"timestamp": "2019-01-12T14:35:59.456Z", "magnitude": -5.6, "source": null, "beginningLatitude": null, "beginningLongitude": null, "beginningAltitude": null, "beginningTime": "2019-01-12T14:35:59.123Z", "lightmaxLatitude": 48.5623, "lightmaxLongitude": 19.5648, "lightmaxAltitude": 56846.0, "lightmaxTime": "2019-01-12T14:35:59.456Z", "endLatitude": null, "endLongitude": null, "endAltitude": null, "endTime": "2019-01-12T14:36:59.945Z", "velocityX": null, "velocityY": null, "velocityZ": null}}, {"model": "meteors.meteor", "pk": 2, "fields": {"timestamp": "2019-01-12T21:34:51.231Z", "magnitude": -4.5, "source": null, "beginningLatitude": null, "beginningLongitude": null, "beginningAltitude": null, "beginningTime": null, "lightmaxLatitude": 45.62653, "lightmaxLongitude": 16.51315, "lightmaxAltitude": 95608.0, "lightmaxTime": "2019-01-12T21:34:51.231Z", "endLatitude": null, "endLongitude": null, "endAltitude": null, "endTime": null, "velocityX": 15643.0, "velocityY": -4856.0, "velocityZ": -44568.0}}, {"model": "meteors.meteor", "pk": 3, "fields": {"timestamp": "2019-01-16T15:26:04.162Z", "magnitude": -1.2, "source": null, "beginningLatitude": null, "beginningLongitude": null, "beginningAltitude": null, "beginningTime": null, "lightmaxLatitude": 23.56486, "lightmaxLongitude": -15.84623, "lightmaxAltitude": 59403.0, "lightmaxTime": "2019-01-16T15:26:04.162Z", "endLatitude": null, "endLongitude": null, "endAltitude": null, "endTime": null, "velocityX": -56231.0, "velocityY": 15264.0, "velocityZ": 11630.0}}, {"model": "meteors.meteor", "pk": 4, "fields": {"timestamp": "2019-01-17T11:01:25.156Z", "magnitude": -11.3, "source": null, "beginningLatitude": null, "beginningLongitude": null, "beginningAltitude": null, "beginningTime": "2019-01-17T11:01:24.613Z", "lightmaxLatitude": 49.12356, "lightmaxLongitude": 18.320513, "lightmaxAltitude": 78462.0, "lightmaxTime": "2019-01-17T11:01:25.156Z", "endLatitude": null, "endLongitude": null, "endAltitude": null, "endTime": "2019-01-17T11:01:25.956Z", "velocityX": null, "velocityY": null, "velocityZ": null}}, {"model": "meteors.meteor", "pk": 429, "fields": {"timestamp": "2019-01-17T14:37:17.938Z", "magnitude": -1.10036749158872, "source": null, "beginningLatitude": null, "beginningLongitude": null, "beginningAltitude": null, "beginningTime": null, "lightmaxLatitude": 43.6288209923332, "lightmaxLongitude": -13.6685518912647, "lightmaxAltitude": 90967.8527597872, "lightmaxTime": "2019-01-17T14:37:17.938Z", "endLatitude": null, "endLongitude": null, "endAltitude": null, "endTime": null, "velocityX": 14432.6486113102, "velocityY": 20839.8020818335, "velocityZ": -38187.4665358066}}, {"model": "meteors.meteor", "pk": 544, "fields": {"timestamp": "2019-01-28T23:11:25.426Z", "magnitude": -5.4, "source": null, "beginningLatitude": 48.124853, "beginningLongitude": 17.105235, "beginningAltitude": 105283.0, "beginningTime": "2019-01-28T23:11:25.102Z", "lightmaxLatitude": 48.374521, "lightmaxLongitude": 17.263543, "lightmaxAltitude": 86203.0, "lightmaxTime": "2019-01-28T23:11:25.426Z", "endLatitude": 48.562163, "endLongitude": 17.400153, "endAltitude": 64152.0, "endTime": "2019-01-28T23:11:25.845Z", "velocityX": 23568.0, "velocityY": -17526.0, "velocityZ": 45602.0}}, {"model": "meteors.sighting", "pk": 1, "fields": {"magnitude": -4.5, "beginningAltitude": null, "beginningAzimuth": null, "beginningTime": "2019-01-12T14:35:59.000Z", "lightmaxAltitude": null, "lightmaxAzimuth": 356.0, "lightmaxTime": "2019-01-16T14:36:00.000Z", "endAltitude": null, "endAzimuth": null, "endTime": null, "angularSpeed": null, "meteor": 1, "station": 12, "solarElongation": 83.9567108633835, "lunarElongation": 82.599522722219}}, {"model": "meteors.sighting", "pk": 2, "fields": {"magnitude": -5.7, "beginningAltitude": 45.6, "beginningAzimuth": 212.4, "beginningTime": "2019-01-12T19:09:17.945Z", "lightmaxAltitude": 88.2, "lightmaxAzimuth": 36.0, "lightmaxTime": "2019-01-12T19:09:18.159Z", "endAltitude": 59.6, "endAzimuth": 36.5, "endTime": "2019-01-12T19:09:18.561Z", "angularSpeed": 243.5, "meteor": null, "station": 9, "solarElongation": 35.0903353446685, "lunarElongation": 39.548357975596}}, {"model": "meteors.sighting", "pk": 3, "fields": {"magnitude": -5.2, "beginningAltitude": 56.0, "beginningAzimuth": 337.5, "beginningTime": "2019-01-12T21:34:51Z", "lightmaxAltitude": 58.0, "lightmaxAzimuth": 338.7, "lightmaxTime": "2019-01-12T21:34:51.231Z", "endAltitude": 61.0, "endAzimuth": 339.5, "endTime": "2019-01-12T21:34:52Z", "angularSpeed": null, "meteor": 2, "station": 12, "solarElongation": 115.814323908733, "lunarElongation": 64.3217589324133}}, {"model": "meteors.sighting", "pk": 4, "fields": {"magnitude": -1.295, "beginningAltitude": 88.4, "beginningAzimuth": 71.6, "beginningTime": "2019-01-16T15:26:03.662Z", "lightmaxAltitude": 75.6, "lightmaxAzimuth": 265.32, "lightmaxTime": "2019-01-16T15:26:04.162Z", "endAltitude": 53.2, "endAzimuth": 263.5, "endTime": "2019-01-16T15:26:04.762Z", "angularSpeed": 25.2, "meteor": 3, "station": 11, "solarElongation": 49.742605438362, "lunarElongation": 93.2558808830076}}, {"model": "meteors.sighting", "pk": 5, "fields": {"magnitude": -1.365, "beginningAltitude": null, "beginningAzimuth": 32.6, "beginningTime": "2019-01-16T15:26:03.662Z", "lightmaxAltitude": null, "lightmaxAzimuth": 316.8, "lightmaxTime": "2019-01-16T15:26:04.167Z", "endAltitude": null, "endAzimuth": null, "endTime": null, "angularSpeed": null, "meteor": 3, "station": 12, "solarElongation": 93.910620642942, "lunarElongation": 120.086907821206}}, {"model": "stations.country", "pk": 1, "fields": {"name": "United States"}}, {"model": "stations.country", "pk": 2, "fields": {"name": "Slovak Republic"}}, {"model": "stations.country", "pk": 3, "fields": {"name": "Chile"}}, {"model": "stations.country", "pk": 4, "fields": {"name": "Spain"}}, {"model": "stations.country", "pk": 5, "fields": {"name": "Australia"}}, {"model": "stations.subnetwork", "pk": 1, "fields": {"name": "Hawaii", "founded": null}}, {"model": "stations.subnetwork", "pk": 2, "fields": {"name": "Canary Islands", "founded": null}}, {"model": "stations.subnetwork", "pk": 3, "fields": {"name": "Slovakia", "founded": null}}, {"model": "stations.subnetwork", "pk": 4, "fields": {"name": "Chile", "founded": null}}, {"model": "stations.subnetwork", "pk": 5, "fields": {"name": "Australia", "founded": null}}, {"model": "stations.subnetwork", "pk": 6, "fields": {"name": "Namibia", "founded": null}}, {"model": "stations.station", "pk": 3, "fields": {"name": "Haleakal\u0101", "code": "HK", "subnetwork": 1, "country": 1, "latitude": 20.707493, "longitude": -156.255957, "altitude": 3041.0, "address": "Haleakal\u0101 Observatory, Maui, Hawaii", "founded": "2018-07-10", "timezone": "Pacific/Honolulu"}}, {"model": "stations.station", "pk": 4, "fields": {"name": "Mauna Kea", "code": "MK", "subnetwork": 1, "country": 1, "latitude": 19.822775, "longitude": -155.469656, "altitude": 4203.0, "address": "Mauna Kea Observatory, Big Island, Hawaii", "founded": null, "timezone": "Pacific/Honolulu"}}, {"model": "stations.station", "pk": 5, "fields": {"name": "AGO Modra", "code": "AGO", "subnetwork": 3, "country": 2, "latitude": 48.3729, "longitude": 17.2738, "altitude": 531.0, "address": "Astronomicko-geofyzik\u00e1lne observat\u00f3rium, Modra-Piesok", "founded": null, "timezone": "Europe/Bratislava"}}, {"model": "stations.station", "pk": 6, "fields": {"name": "Kysuck\u00e9 Nov\u00e9 Mesto", "code": "KNM", "subnetwork": 3, "country": 2, "latitude": 49.3073, "longitude": 18.7655, "altitude": 414.0, "address": "Kysuck\u00e1 hvezd\u00e1re\u0148, Kysuck\u00e9 Nov\u00e9 Mesto", "founded": null, "timezone": "Europe/Bratislava"}}, {"model": "stations.station", "pk": 7, "fields": {"name": "Va\u017eec", "code": "VAZ", "subnetwork": 3, "country": 2, "latitude": 49.0543, "longitude": 19.9899, "altitude": 812.0, "address": "Va\u017eec", "founded": null, "timezone": "Europe/Bratislava"}}, {"model": "stations.station", "pk": 8, "fields": {"name": "Arbor\u00e9tum Mly\u0148any", "code": "ARB", "subnetwork": 3, "country": 2, "latitude": 48.3235, "longitude": 18.3685, "altitude": 201.0, "address": "Arbor\u00e9tum Mly\u0148any SAV, Tes\u00e1rske Mly\u0148any", "founded": null, "timezone": "Europe/Bratislava"}}, {"model": "stations.station", "pk": 9, "fields": {"name": "Paniri Caur", "code": "PC", "subnetwork": 4, "country": 3, "latitude": -22.336, "longitude": -68.6442, "altitude": 2535.0, "address": "Paniri Caur Observatory, San Francisco de Chiu Chiu, El Loa, Antofagasta", "founded": null, "timezone": "America/Santiago"}}, {"model": "stations.station", "pk": 10, "fields": {"name": "San Pedro de Atacama", "code": "SP", "subnetwork": 4, "country": 3, "latitude": -22.9534, "longitude": -68.1793, "altitude": 2403.0, "address": "San Pedro de Atacama, El Loa, Antofagasta", "founded": null, "timezone": "America/Santiago"}}, {"model": "stations.station", "pk": 11, "fields": {"name": "La Palma", "code": "LP", "subnetwork": 2, "country": 4, "latitude": 28.76001, "longitude": -17.8823, "altitude": 2339.0, "address": "Roque de los Muchachos, La Palma, Canary Islands", "founded": null, "timezone": "Atlantic/Canary"}}, {"model": "stations.station", "pk": 12, "fields": {"name": "Teide", "code": "TE", "subnetwork": 2, "country": 4, "latitude": 28.3004, "longitude": -16.5122, "altitude": 2416.0, "address": "Observatorio del Teide, Tenerife, Canary Islands", "founded": null, "timezone": "Atlantic/Canary"}}, {"model": "stations.logentry", "pk": 1, "fields": {"station": 8, "text": "Ta tu sme boli das tak minule v M\u00e1ji.", "created": "2019-01-12T23:07:02.094Z", "updated": "2019-01-12T23:07:02.123Z"}}, {"model": "stations.logentry", "pk": 2, "fields": {"station": 12, "text": "Ideme sem das dakedy v 2020. Ako\u017ee v\u00e1\u017ene. Treba pozrie\u0165 Juliu de Le\u00f3n.", "created": "2019-01-12T23:07:02.094Z", "updated": "2019-01-12T23:07:18.087Z"}}, {"model": "stations.logentry", "pk": 3, "fields": {"station": 12, "text": "E\u0161te je to ale dos\u0165 \u010faleko.", "created": "2019-01-15T10:55:43.705Z", "updated": "2019-01-23T14:17:31.077Z"}}, {"model": "stations.logentry", "pk": 4, "fields": {"station": 8, "text": "A dobre bolo.", "created": "2019-01-19T22:46:17.778Z", "updated": "2019-01-19T22:46:17.778Z"}}, {"model": "stations.logentry", "pk": 5, "fields": {"station": 3, "text": "Installed on 2018-07-15.", "created": "2019-01-25T14:11:02.491Z", "updated": "2019-01-25T14:11:02.491Z"}}, {"model": "stations.logentry", "pk": 6, "fields": {"station": 3, "text": "Weather is fine and I am happy up here.", "created": "2019-01-25T14:11:02.493Z", "updated": "2019-01-25T14:11:02.493Z"}}, {"model": "stations.logentry", "pk": 7, "fields": {"station": 8, "text": "P\u00f4jdeme znovu.", "created": "2019-01-28T14:25:32.008Z", "updated": "2019-01-28T14:25:32.008Z"}}, {"model": "accounts.profile", "pk": 1, "fields": {"user": 1, "latitude": 48.372, "longitude": 17.27}}]